{
	"pages": [
		//pages数组中第一项表示应用启动页，参考：https://uniapp.dcloud.io/collocation/pages
		{
			"path": "pages/index/index",
			"style": {}
		},
        {
        	"path": "pages/home/index",
        	"style": {}
        },
        {
        	"path": "pages/subscribe/index",
        	"style": {}
        },
        {
        	"path": "pages/my/index",
        	"style": {}
        },
        {
        	"path": "pages/home/sblist",
        	"style": {}
        },
        {
        	"path": "pages/home/zclist",
        	"style": {}
        },
        {
        	"path": "pages/home/kylist",
        	"style": {}
        },
        {
        	"path": "pages/home/sdlist",
        	"style": {}
        },
        {
        	"path": "pages/home/searchlist",
        	"style": {}
        },
        {
        	"path": "pages/home/zndetails",
        	"style": {}
        },
        {
        	"path": "pages/home/zsdetails",
        	"style": {}
        },
        {
        	"path": "pages/home/kydetails",
        	"style": {}
        },
        {
        	"path": "pages/home/details2",
        	"style": {}
        },
        {
        	"path": "pages/home/details3",
        	"style": {}
        },
        {
        	"path": "pages/home/details4",
        	"style": {}
        },
        {
        	"path": "pages/subscribe/subscribeadd",
        	"style": {}
        },
		{
			"path": "pages/subscribe/subscribeadd2",
			"style": {}
		},
        {
        	"path": "pages/subscribe/subscribelist",
        	"style": {}
        },
        {
        	"path": "pages/my/collectList",
        	"style": {}
        },
        {
        	"path": "pages/my/history",
        	"style": {}
        },
        {
        	"path": "pages/my/myfx",
        	"style": {}
        },
        {
        	"path": "pages/my/myupvip",
        	"style": {}
        },
        {
        	"path": "pages/my/myts",
        	"style": {}
        },
        {
        	"path": "pages/login/index",
        	"style": {}
        },
        {
        	"path": "pages/login/register",
        	"style": {}
        },
        {
        	"path": "pages/login/setpwd",
        	"style": {}
        }
	    ,{
            "path" : "pages/friends/friends",
            "style" :                                                                                    
            {
                "navigationBarTitleText": "合作伙伴",
                "enablePullDownRefresh": false
            }
            
        },
		{
		    "path" : "pages/cashOut/cashOut",
		    "style" :                                                                                    
		    {
		        "navigationBarTitleText": "提现记录",
		        "enablePullDownRefresh": false
		    }
		    
		}
    ],
	"globalStyle": {
		"mp-alipay": {
			/* 支付宝小程序特有相关 */
			"transparentTitle": "always",
			"allowsBounceVertical": "NO"
		},
		"navigationBarBackgroundColor": "#FFFFFF",
		"navigationBarTitleText": "科研人",
		"navigationStyle": "custom",
		"navigationBarTextStyle": "black"
	},
	"usingComponts": true,
		"condition": { //模式配置，仅开发期间生效
		"current": 0, //当前激活的模式(list 的索引项)
		"list": [{
				"name": "科研人", //模式名称
				"path": "pages/index/index", //启动页面
				"query": ""
			}
		]
	}

}
